category,size,markdown_percentage,current_price
Outerwear,XL,0.0,196.01
Tops,L,0.0,119.64
Accessories,,0.0,33.8
Shoes,XL,0.0,75.36
Tops,XL,0.0,105.02
Accessories,,35.4,22.63
Bottoms,S,54.5,24.49
Dresses,XL,22.1,71.32
Outerwear,XL,12.8,198.58
Outerwear,XXL,10.9,221.33
Tops,L,0.0,116.84
Shoes,S,0.0,146.98
Bottoms,S,0.0,37.51
Dresses,XS,0.0,48.15
Tops,M,0.0,79.66
Accessories,,0.0,67.57
Shoes,S,0.0,123.53
Tops,L,0.0,102.35
Outerwear,M,58.5,57.25
Outerwear,XXL,0.0,142.59
Bottoms,L,21.8,26.06
Accessories,,0.0,62.3
Accessories,,0.0,38.48
Dresses,XL,0.0,91.36
Tops,XS,29.1,57.05
Bottoms,M,34.0,26.99
Bottoms,L,36.0,30.11
Bottoms,M,0.0,53.37
Dresses,L,0.0,114.35
Shoes,XL,0.0,77.63
Shoes,S,0.0,71.29
Tops,L,24.4,28.3
Shoes,XL,0.0,143.78
Tops,XL,0.0,88.23
Accessories,,0.0,58.57
Tops,XXL,5.7,112.88
Bottoms,XXL,47.8,50.67
Dresses,L,0.0,110.09
Shoes,XS,14.2,170.24
Bottoms,,0.0,101.72
Tops,S,0.0,117.86
Tops,M,0.0,78.86
Outerwear,XS,51.4,105.05
Shoes,XL,0.0,129.85
Tops,XXL,0.0,111.3
Dresses,XL,0.0,73.65
Shoes,L,30.3,102.55
Accessories,,53.9,20.56
Bottoms,XL,0.0,101.8
Accessories,,55.9,7.29
Bottoms,M,0.0,50.91
Outerwear,S,0.0,222.26
Shoes,S,57.1,44.68
Outerwear,S,0.0,166.76
Accessories,,50.9,21.67
Outerwear,S,15.2,102.85
Tops,S,0.0,73.71
Bottoms,XL,26.3,61.96
Tops,XS,0.0,28.59
Shoes,XXL,2.6,162.16
Shoes,M,6.6,136.32
Outerwear,M,0.0,218.42
Accessories,,1.1,45.66
Shoes,,18.0,87.07
Tops,XS,2.4,91.09
Bottoms,XS,21.7,67.76
Accessories,,0.0,55.57
Tops,XL,0.0,76.5
Dresses,XS,9.5,124.16
Tops,XL,19.8,39.23
Shoes,XL,0.0,69.82
Outerwear,XXL,7.4,184.64
Outerwear,M,55.2,99.5
Tops,XS,0.0,112.86
Dresses,XS,0.0,100.96
Outerwear,XL,48.0,126.65
Dresses,XXL,0.0,153.32
Accessories,,22.5,33.29
Tops,S,0.0,30.79
Accessories,,0.0,59.85
Tops,S,19.1,63.23
Tops,M,19.1,91.55
Dresses,S,0.0,174.13
Shoes,XS,0.0,191.96
Outerwear,XL,22.6,172.25
Bottoms,XS,11.9,33.35
Outerwear,M,0.0,241.09
Dresses,S,0.0,136.97
Shoes,M,55.3,50.86
Bottoms,XXL,40.0,55.94
Shoes,S,6.4,99.44
Accessories,,0.0,30.95
Shoes,S,49.5,38.84
Bottoms,XS,0.0,80.64
Bottoms,XS,52.4,15.45
Accessories,,0.0,54.79
Bottoms,M,56.4,31.02
Bottoms,XXL,0.0,57.85
Bottoms,XS,3.0,32.37
Tops,L,0.0,91.83
Bottoms,L,19.5,48.4
Dresses,S,0.0,163.5
Dresses,S,0.0,126.37
Bottoms,L,58.2,20.9
Shoes,S,0.0,84.31
Bottoms,XL,0.0,100.98
Bottoms,M,0.0,38.02
Bottoms,XL,0.0,63.85
Shoes,XS,0.0,183.15
Dresses,S,59.5,36.86
Outerwear,L,0.0,92.83
Accessories,,0.0,34.45
Dresses,S,50.0,64.08
Tops,XXL,33.8,65.95
Bottoms,S,25.5,65.11
Tops,XXL,0.0,49.67
Accessories,,0.0,72.04
Dresses,M,0.0,133.82
Bottoms,S,0.0,62.93
Outerwear,L,0.0,248.58
Shoes,XXL,0.0,61.08
Bottoms,S,0.0,109.12
Outerwear,XXL,45.9,44.85
Shoes,XS,10.9,101.16
Accessories,,51.5,18.86
Dresses,XXL,45.9,28.68
Shoes,XXL,0.0,81.64
Shoes,XXL,21.5,98.31
Outerwear,XS,0.0,98.61
Shoes,XS,0.0,77.54
Dresses,XL,0.0,79.13
Bottoms,S,0.0,96.11
Tops,XL,0.0,116.61
Accessories,,27.0,42.19
Tops,S,0.0,110.78
Tops,L,0.0,112.63
Tops,XS,0.0,89.36
Outerwear,M,0.0,127.99
Bottoms,XXL,58.8,22.61
Shoes,L,0.0,154.13
Dresses,XS,0.0,131.5
Outerwear,M,0.0,133.26
Shoes,XL,0.0,173.91
Tops,L,0.0,102.99
Outerwear,L,45.3,48.02
Tops,,15.8,77.3
Tops,L,25.4,80.06
Bottoms,XXL,57.3,28.9
Tops,M,46.0,36.78
Shoes,L,0.0,94.29
Tops,XL,0.0,94.97
Shoes,M,11.4,58.36
Dresses,XXL,29.4,109.47
Outerwear,L,0.0,172.59
Dresses,M,0.0,68.72
Tops,XL,0.0,28.78
Outerwear,XXL,28.3,79.1
Shoes,XXL,0.0,194.24
Shoes,XS,0.0,175.91
Bottoms,XXL,0.0,79.34
Bottoms,M,0.0,111.88
Accessories,,40.6,25.45
Bottoms,XXL,1.1,25.99
Accessories,,0.0,23.11
Shoes,M,0.0,168.36
Shoes,XL,0.0,99.26
Accessories,,0.0,53.66
Accessories,,18.0,57.16
Dresses,XXL,21.4,47.4
Shoes,XXL,0.0,113.58
Bottoms,XS,1.7,53.93
Tops,XS,0.0,92.25
Accessories,,0.0,54.07
Shoes,XL,0.0,104.4
Dresses,M,0.0,45.97
Tops,XXL,0.0,28.79
Outerwear,M,0.0,204.21
Shoes,XXL,20.0,152.6
Tops,XS,39.2,20.07
Accessories,,39.8,28.66
Outerwear,XS,0.0,137.16
Tops,M,0.0,108.49
Tops,XL,0.0,106.49
Tops,XXL,0.0,114.86
Dresses,L,0.0,121.68
Bottoms,XXL,3.9,71.19
Tops,M,35.9,59.21
Tops,XXL,0.0,34.06
Dresses,L,0.0,173.42
Bottoms,XXL,0.0,66.51
Bottoms,XXL,7.1,67.3
Tops,S,0.0,81.2
Outerwear,XXL,12.3,91.65
Dresses,XL,13.0,50.05
Shoes,XXL,0.0,142.58
Dresses,XXL,29.4,114.53
Bottoms,XXL,51.7,15.5
Shoes,L,42.7,93.06
Tops,M,57.5,32.92
Tops,XXL,56.1,45.4
Bottoms,XS,33.3,28.62
Shoes,XL,17.0,120.28
Shoes,XS,23.9,70.83
Outerwear,S,0.0,119.96
Accessories,,50.9,20.64
Accessories,,0.0,54.45
Tops,M,36.4,42.58
Tops,XL,8.8,106.67
Tops,XXL,0.0,111.14
Tops,XS,0.0,59.6
Tops,S,16.7,21.23
Tops,M,0.0,82.94
Tops,L,0.0,99.71
Accessories,,0.0,69.74
Bottoms,XXL,0.0,57.19
Tops,XXL,0.0,58.65
Outerwear,XL,0.0,110.22
Tops,XXL,0.0,69.36
Bottoms,S,0.0,87.03
Dresses,XXL,18.4,131.05
Outerwear,XS,0.0,167.02
Tops,XXL,0.0,26.09
Outerwear,XL,0.0,246.65
Outerwear,S,0.0,206.91
Dresses,XL,0.0,85.08
Outerwear,XXL,54.8,108.62
Dresses,XXL,1.4,128.3
Bottoms,XS,15.8,35.61
Outerwear,S,0.0,191.54
Accessories,,0.0,42.23
Shoes,S,0.0,109.76
Accessories,,43.3,43.55
Dresses,,22.4,43.72
Tops,,0.0,88.41
Tops,S,0.0,25.96
Bottoms,XXL,0.0,60.25
Accessories,,19.1,42.33
Accessories,,0.0,67.61
Shoes,L,0.0,136.0
Shoes,,0.0,74.48
Dresses,XS,0.0,101.39
Dresses,XXL,41.7,98.92
Accessories,,0.0,52.45
Shoes,XXL,47.6,80.62
Bottoms,M,50.5,16.19
Outerwear,L,54.6,47.34
Dresses,M,50.9,39.3
Bottoms,M,0.0,72.07
Outerwear,M,0.0,220.99
Outerwear,XS,14.6,100.23
Outerwear,L,48.8,101.77
Outerwear,L,0.0,121.03
Tops,L,0.0,88.62
Shoes,XL,0.0,88.94
Bottoms,S,17.8,95.11
Bottoms,XXL,0.0,75.66
Accessories,,0.0,42.11
Outerwear,XXL,4.3,237.24
Shoes,XL,0.0,143.45
Accessories,,44.7,13.8
Outerwear,XL,0.0,109.74
Dresses,XL,0.0,161.14
Outerwear,XXL,9.2,199.89
Dresses,S,0.0,57.33
Bottoms,XXL,0.0,108.24
Accessories,,0.0,67.93
Dresses,XS,0.0,168.96
Tops,S,0.0,90.63
Accessories,,0.4,72.01
Bottoms,S,0.0,27.98
Dresses,,0.0,92.73
Bottoms,XXL,0.0,64.28
Dresses,M,0.0,133.12
Tops,XXL,0.0,70.36
Outerwear,XL,0.0,199.01
Bottoms,L,37.1,39.26
Shoes,XS,0.0,71.44
Dresses,,0.0,89.69
Outerwear,XXL,10.2,145.16
Accessories,,0.0,46.59
Accessories,,0.0,74.2
Bottoms,S,0.0,99.67
Shoes,XS,23.0,86.81
Tops,S,39.4,58.07
Shoes,M,0.0,157.42
Accessories,,14.1,51.69
Outerwear,XL,0.0,169.03
Dresses,S,0.0,175.86
Shoes,,0.0,169.75
Accessories,,24.3,39.19
Tops,M,0.0,83.09
Outerwear,XS,0.0,176.1
Bottoms,M,0.0,69.11
Shoes,S,0.0,117.85
Shoes,M,36.0,61.55
Shoes,XXL,0.0,80.14
Accessories,,13.0,47.92
Dresses,S,50.4,82.26
Dresses,XXL,0.0,82.7
Outerwear,S,6.6,208.15
Tops,L,0.0,107.15
Shoes,XXL,0.0,85.54
Bottoms,XL,5.4,32.5
Bottoms,XL,42.2,64.3
Tops,XXL,35.2,25.9
Shoes,M,0.0,60.34
Accessories,,0.0,17.7
Bottoms,M,0.0,57.88
Tops,S,0.0,25.15
Outerwear,L,0.0,157.45
Bottoms,L,9.1,59.74
Dresses,XXL,0.0,92.8
Dresses,XL,0.0,88.65
Tops,XXL,57.4,20.05
Outerwear,XS,0.0,101.75
Dresses,XS,7.5,121.25
Tops,XS,26.1,60.64
Dresses,L,0.0,66.31
Accessories,,0.0,26.03
Shoes,S,0.0,152.53
Bottoms,S,16.2,21.92
Dresses,XXL,10.8,79.54
Bottoms,,0.0,106.37
Dresses,XL,36.8,51.16
Outerwear,M,50.2,84.58
Dresses,M,8.8,145.37
Bottoms,S,46.5,56.99
Accessories,,44.7,43.58
Outerwear,XS,29.5,82.8
Accessories,,0.0,76.94
Outerwear,L,0.0,232.19
Dresses,XS,52.1,38.51
Bottoms,XL,0.0,102.82
Accessories,,0.0,48.5
Bottoms,,0.0,88.4
Shoes,S,0.0,112.5
Bottoms,XXL,11.1,87.08
Outerwear,M,36.9,72.26
Bottoms,XS,0.0,27.85
Shoes,XL,40.6,48.76
Bottoms,S,40.7,69.03
Bottoms,M,0.0,95.61
Shoes,M,0.0,70.04
Shoes,S,54.0,51.79
Accessories,,0.9,26.56
Tops,L,0.0,50.09
Bottoms,XS,4.2,88.94
Tops,XXL,0.0,114.63
Accessories,,29.2,15.51
Dresses,XS,46.7,53.59
Accessories,,16.4,39.67
Bottoms,XL,0.0,113.21
Dresses,XS,0.0,163.27
Accessories,,0.0,44.58
Dresses,L,0.0,166.53
Shoes,XL,0.0,144.61
Accessories,,0.0,31.0
Accessories,,29.4,48.41
Dresses,L,56.5,31.77
Tops,L,0.0,95.19
Tops,XS,0.0,104.94
Bottoms,XXL,0.0,97.29
Shoes,L,39.8,50.0
Outerwear,S,0.0,86.13
Bottoms,S,28.7,74.24
Accessories,,0.0,41.7
Outerwear,L,0.0,80.11
Tops,L,0.0,97.84
Bottoms,XL,35.2,50.14
Accessories,,37.6,22.68
Outerwear,XXL,20.2,144.47
Outerwear,XL,0.0,158.37
Shoes,XXL,0.0,91.98
Shoes,S,55.3,62.71
Tops,XL,0.0,26.01
Tops,XL,9.5,46.21
Outerwear,XS,0.0,132.92
Accessories,,0.0,16.57
Bottoms,XS,45.8,42.6
Accessories,,0.0,69.38
Accessories,,0.0,23.58
Tops,XS,27.8,86.58
Outerwear,M,1.4,109.5
Accessories,,0.0,60.22
Outerwear,M,0.0,133.52
Dresses,XL,49.6,27.7
Tops,L,0.0,85.94
Accessories,,0.0,24.64
Accessories,,0.0,28.82
Shoes,L,24.3,60.25
Dresses,XL,0.0,49.44
Tops,XS,0.0,41.46
Dresses,XS,35.4,85.12
Bottoms,M,27.9,40.76
Tops,,33.3,74.52
Tops,L,47.6,52.38
Dresses,XS,57.1,47.21
Dresses,L,0.0,141.84
Accessories,,42.9,18.63
Outerwear,L,40.8,112.29
Dresses,XL,46.8,80.27
Accessories,,21.5,33.49
Accessories,,0.0,62.05
Accessories,,0.0,74.32
Outerwear,XS,0.0,217.34
Tops,XL,56.7,48.12
Shoes,XL,0.0,62.5
Outerwear,XS,3.4,160.24
Outerwear,XS,0.0,179.8
Accessories,,0.0,34.15
Tops,XS,0.0,101.88
Shoes,XL,0.0,187.58
Outerwear,L,0.0,145.02
Bottoms,XS,26.9,74.28
Dresses,XXL,0.0,71.14
Dresses,M,0.0,55.21
Tops,XXL,35.4,61.34
Shoes,M,0.0,138.69
Outerwear,XXL,0.0,175.7
Shoes,XS,35.7,93.35
Dresses,M,44.6,93.81
Tops,L,0.0,103.14
Tops,M,32.0,66.28
Dresses,M,26.3,37.36
Outerwear,XL,0.0,127.75
Tops,XL,0.0,111.64
Shoes,,11.6,118.99
Bottoms,XXL,0.0,56.05
Dresses,XL,0.0,106.2
Shoes,,20.6,82.78
Accessories,,0.0,24.53
Shoes,L,0.0,131.25
Bottoms,M,0.0,72.85
Shoes,XS,0.0,135.39
Shoes,XL,4.2,159.93
Shoes,XL,41.7,78.91
Bottoms,L,0.0,96.05
Outerwear,L,0.0,116.1
Shoes,L,0.0,91.53
Bottoms,XS,0.0,102.16
Shoes,L,3.3,65.5
Accessories,,0.0,38.34
Accessories,,0.0,60.49
Outerwear,L,0.0,90.27
Accessories,,0.0,45.42
Tops,,0.0,58.56
Dresses,L,0.0,167.64
Outerwear,XXL,0.0,193.14
Accessories,,15.6,50.69
Bottoms,M,0.0,35.37
Accessories,,0.0,39.85
Tops,XL,59.4,34.65
Bottoms,XXL,0.0,81.17
Accessories,,0.0,16.81
Tops,XL,55.0,52.07
Bottoms,XXL,0.0,49.87
Shoes,XS,52.9,50.85
Shoes,M,31.7,94.49
Tops,XS,0.0,32.01
Dresses,XS,50.6,63.77
Dresses,M,56.4,29.9
Accessories,,0.0,46.46
Outerwear,XXL,58.2,52.12
Bottoms,XL,0.0,36.85
Outerwear,XS,0.3,228.94
Tops,S,0.0,74.09
Bottoms,XS,0.0,27.22
Tops,L,1.4,32.18
Accessories,,11.8,26.68
Outerwear,S,0.0,180.57
Bottoms,XS,0.0,96.55
Bottoms,,54.3,31.32
Shoes,XS,0.0,71.94
Shoes,L,9.9,72.73
Outerwear,L,0.0,208.8
Shoes,M,54.1,72.59
Tops,S,0.0,85.92
Accessories,,0.0,69.59
Dresses,XL,19.1,110.16
Shoes,XS,0.0,124.26
Shoes,S,0.0,129.33
Dresses,S,30.0,86.75
Shoes,XS,0.0,62.76
Shoes,XS,0.0,74.54
Tops,S,0.0,114.03
Accessories,,27.6,14.91
Shoes,XL,0.0,167.86
Accessories,,37.7,38.75
Outerwear,,6.3,209.6
Accessories,,0.0,67.13
Dresses,M,33.3,96.59
Outerwear,XS,53.0,71.88
Dresses,XXL,0.0,111.29
Outerwear,XS,0.0,159.18
Outerwear,XXL,0.0,215.93
Tops,,33.4,34.43
Outerwear,L,0.0,137.38
Bottoms,XXL,38.8,59.18
Bottoms,M,38.1,36.35
Outerwear,S,0.0,204.68
Bottoms,L,0.0,117.26
Outerwear,XXL,0.0,91.95
Bottoms,XL,0.0,94.53
Dresses,XXL,3.0,69.78
Dresses,XL,5.9,167.23
Accessories,,0.0,34.4
Bottoms,M,0.0,119.72
Accessories,,0.0,44.09
Bottoms,XL,0.0,42.47
Dresses,XL,0.0,68.43
Shoes,XS,31.8,112.8
Accessories,,0.0,35.36
Dresses,M,0.0,95.73
Accessories,,51.3,35.2
Outerwear,,0.0,80.35
Bottoms,XL,0.0,119.04
Tops,XS,42.5,34.8
Outerwear,M,43.8,52.01
Accessories,,0.0,28.4
Bottoms,M,0.0,91.65
Accessories,,0.0,72.57
Bottoms,L,0.0,39.05
Dresses,S,0.0,113.21
Accessories,,0.0,25.34
Tops,L,56.7,42.5
Tops,XS,0.0,60.54
Dresses,S,7.4,122.8
Outerwear,XL,0.0,234.14
Accessories,,48.2,16.5
Accessories,,36.7,9.58
Shoes,XS,0.0,77.72
Accessories,,0.0,78.04
Outerwear,M,0.0,169.82
Bottoms,L,38.9,57.87
Shoes,XL,22.0,87.83
Bottoms,L,0.0,104.16
Outerwear,XXL,0.0,174.86
Outerwear,L,49.4,110.25
Shoes,L,0.0,123.14
Tops,XL,0.0,103.96
Dresses,XL,0.0,138.45
Shoes,S,0.0,165.1
Shoes,XXL,0.0,147.25
Shoes,L,0.0,126.23
Outerwear,M,0.0,229.04
Accessories,,32.6,26.05
Bottoms,XS,0.0,80.82
Accessories,,0.0,56.44
Dresses,M,0.0,121.3
Bottoms,,28.4,73.02
Bottoms,L,0.0,89.99
Shoes,XXL,34.5,42.12
Dresses,L,0.0,168.92
Bottoms,XL,49.5,43.66
Tops,XS,18.9,29.88
Tops,XS,0.0,38.5
Bottoms,,37.7,42.38
Dresses,M,0.0,117.23
Tops,S,0.0,79.33
Bottoms,L,42.7,43.44
Dresses,M,0.0,141.42
Shoes,L,0.0,124.2
Bottoms,L,0.0,48.42
Dresses,XS,0.0,119.4
Shoes,M,0.0,186.07
Shoes,XL,0.0,109.46
Dresses,S,42.7,66.57
Accessories,,26.3,30.43
Tops,S,45.0,52.07
Accessories,,32.7,32.67
Tops,M,0.0,75.22
Shoes,XS,30.3,68.97
Tops,XL,0.0,39.56
Outerwear,S,0.0,153.88
Accessories,,0.0,68.87
Bottoms,M,38.9,15.62
Outerwear,XXL,0.0,246.49
Accessories,,0.0,52.41
Tops,M,0.0,33.77
Shoes,M,0.0,96.7
Dresses,M,0.0,95.81
Tops,M,0.0,41.58
Tops,XL,6.6,43.59
Bottoms,L,59.4,10.55
Outerwear,L,14.0,176.15
Tops,XXL,47.1,22.97
Accessories,,40.5,24.1
Bottoms,M,16.6,61.37
Accessories,,0.0,17.67
Dresses,S,28.0,50.41
Shoes,XS,33.7,52.59
Accessories,,0.0,45.24
Tops,XXL,13.6,54.87
Bottoms,XXL,33.6,36.67
Dresses,M,0.0,137.59
Shoes,,0.0,65.8
Shoes,XL,0.0,88.42
Dresses,M,0.0,75.54
Shoes,L,0.0,185.13
Outerwear,L,0.0,132.58
Bottoms,M,0.0,93.38
Accessories,,0.0,47.28
Bottoms,L,0.0,59.88
Dresses,XXL,0.0,140.07
Accessories,,0.0,66.6
Accessories,,35.4,25.72
Accessories,,0.0,70.74
Dresses,M,0.0,95.33
Accessories,,29.1,23.13
Bottoms,XL,0.0,41.07
Bottoms,XL,0.0,43.1
Outerwear,XXL,27.9,73.56
Accessories,,0.0,54.11
Accessories,,0.0,43.5
Accessories,,0.0,66.0
Bottoms,M,0.0,38.85
Accessories,,0.0,61.29
Bottoms,XS,0.0,90.66
Dresses,XL,0.0,119.96
Shoes,XXL,0.0,130.21
Tops,XS,0.0,49.68
Accessories,,0.0,46.58
Accessories,,0.0,69.88
Accessories,,0.0,32.15
Bottoms,S,0.0,36.34
Bottoms,M,0.0,93.01
Tops,S,0.0,75.0
Outerwear,M,12.4,71.51
Bottoms,XL,0.0,109.81
Bottoms,,0.0,47.7
Tops,S,0.0,96.08
Tops,XS,2.6,27.27
Bottoms,S,6.4,49.07
Accessories,,18.3,55.52
Dresses,,0.0,131.92
Outerwear,XS,0.0,205.77
Tops,XL,11.3,86.82
Shoes,L,0.0,109.55
Bottoms,L,10.6,47.33
Bottoms,XS,18.0,58.08
Dresses,L,0.0,53.17
Bottoms,XS,46.2,64.32
Dresses,S,0.0,144.43
Outerwear,S,0.0,172.93
Outerwear,XL,40.4,114.4
Dresses,M,0.0,128.56
Dresses,L,53.0,57.85
Outerwear,S,0.0,119.78
Bottoms,XS,0.0,110.6
Tops,S,0.0,58.16
Outerwear,S,0.0,208.82
Shoes,M,0.0,192.74
Accessories,,18.4,58.61
Shoes,XS,0.0,145.4
Bottoms,XXL,0.0,51.94
Accessories,,0.0,77.48
Dresses,L,45.2,32.69
Bottoms,S,0.0,102.07
Accessories,,0.0,48.57
Shoes,M,0.0,121.55
Accessories,,44.8,32.69
Tops,XS,2.1,57.27
Accessories,,0.0,73.85
Bottoms,XXL,36.5,72.59
Bottoms,XS,11.0,81.35
Accessories,,0.0,69.77
Tops,L,0.0,72.95
Bottoms,XL,42.2,36.99
Dresses,XL,51.9,36.0
Outerwear,XS,0.0,158.84
Shoes,M,58.6,39.89
Bottoms,XS,13.9,43.96
Bottoms,L,26.4,36.62
Dresses,XS,0.0,148.98
Accessories,,0.0,72.24
Tops,XS,0.0,94.92
Outerwear,XXL,0.0,91.08
Accessories,,58.3,20.73
Accessories,,7.1,21.45
Accessories,,0.0,49.95
Accessories,,0.0,25.7
Shoes,XS,0.0,175.22
Bottoms,XS,0.0,37.57
Outerwear,M,0.0,245.87
Bottoms,XS,0.0,116.92
Dresses,L,0.0,103.11
Outerwear,M,0.5,237.7
Shoes,XS,12.6,75.87
Bottoms,XS,11.8,51.86
Bottoms,XL,52.0,19.99
Tops,XL,46.4,33.06
Bottoms,XS,0.0,40.39
Tops,XXL,45.4,51.94
Bottoms,S,0.0,115.14
Tops,,0.0,59.58
Shoes,M,0.0,169.89
Shoes,S,22.5,90.97
Tops,S,0.0,118.95
Accessories,,0.0,39.3
Tops,L,0.0,74.3
Bottoms,XS,0.0,62.97
Accessories,,0.0,73.6
Accessories,,34.9,50.68
Tops,,0.0,94.31
Bottoms,,0.0,60.36
Bottoms,XXL,0.0,94.85
Accessories,,7.9,28.11
Dresses,XS,0.0,97.06
Bottoms,M,35.4,37.37
Tops,M,19.7,41.23
Accessories,,45.4,33.49
Outerwear,L,0.0,189.28
Tops,XXL,35.8,55.64
Bottoms,S,0.0,102.84
Outerwear,XXL,0.0,225.21
Dresses,XL,27.8,35.31
Outerwear,L,0.0,145.93
Outerwear,,43.7,127.19
Outerwear,XL,39.7,121.91
Tops,XL,0.0,51.85
Tops,L,0.0,75.34
Shoes,S,54.9,41.53
Accessories,,0.0,56.39
Tops,L,0.0,108.75
Dresses,S,0.0,156.85
Outerwear,XS,0.0,168.13
Shoes,S,57.0,62.69
Bottoms,S,0.0,54.14
Accessories,,0.0,45.64
Bottoms,S,0.0,46.76
Dresses,,0.0,75.23
Dresses,XL,0.0,70.38
Bottoms,M,0.0,76.04
Shoes,XS,15.7,93.42
Accessories,,0.0,47.47
Accessories,,0.0,79.94
Bottoms,XXL,0.0,74.67
Dresses,XXL,35.5,41.14
Bottoms,XXL,0.0,49.6
Tops,XL,0.0,57.91
Dresses,XL,0.0,135.99
Dresses,S,21.8,41.83
Tops,S,34.0,74.77
Tops,L,6.0,104.22
Tops,,0.0,94.3
Accessories,,0.0,37.94
Outerwear,XXL,23.0,154.18
Accessories,,0.0,43.45
Bottoms,L,9.6,69.54
Accessories,,0.0,21.09
Dresses,XL,0.0,55.47
Outerwear,XXL,0.0,122.53
Accessories,,0.0,61.13
Outerwear,XS,0.0,127.59
Accessories,,0.0,73.04
Outerwear,XL,0.0,129.46
Accessories,,0.0,51.3
Dresses,L,0.0,173.0
Accessories,,0.0,70.72
Bottoms,XXL,9.6,76.11
Accessories,,44.6,32.9
Outerwear,M,0.3,194.79
Dresses,S,7.5,99.57
Shoes,L,0.0,63.12
Bottoms,L,0.0,58.91
Bottoms,L,0.0,93.27
Dresses,XL,36.8,93.46
Tops,L,0.0,30.53
Tops,S,1.6,103.28
Dresses,XS,0.0,75.52
Bottoms,M,0.0,54.7
Shoes,XS,25.9,93.55
Shoes,XS,52.8,30.14
Accessories,,0.0,75.93
Tops,M,27.3,59.98
Bottoms,XXL,0.0,46.02
Dresses,XXL,45.5,68.49
Shoes,S,50.7,32.35
Dresses,XS,0.0,91.61
Outerwear,XS,0.0,162.78
Outerwear,M,35.3,86.92
Bottoms,,38.8,47.58
Accessories,,59.9,19.78
Outerwear,S,17.3,191.47
Outerwear,XL,0.0,140.1
Dresses,S,27.8,84.75
Tops,S,0.0,83.98
Dresses,XL,53.5,51.93
Bottoms,S,0.0,25.16
Outerwear,XL,23.0,135.38
Tops,XS,37.5,33.28
Outerwear,M,43.0,122.66
Bottoms,S,20.7,62.18
Shoes,XXL,0.0,173.15
Accessories,,36.6,10.68
Outerwear,S,0.0,128.6
Outerwear,XXL,0.0,131.74
Bottoms,XXL,12.7,24.57
Outerwear,XL,58.4,68.68
Tops,XL,0.8,49.22
Tops,XL,18.9,79.9
Shoes,S,30.8,65.18
Accessories,,0.0,23.5
Bottoms,S,0.0,109.36
Accessories,,0.0,69.73
Shoes,XS,57.3,84.99
Bottoms,M,56.7,35.64
Bottoms,M,9.9,47.23
Outerwear,S,0.0,180.49
Dresses,XL,0.0,63.02
Tops,XL,0.0,97.05
Bottoms,XXL,0.0,79.62
Dresses,M,0.0,82.5
Bottoms,L,13.7,101.13
Outerwear,XS,0.0,174.05
Bottoms,XS,0.0,58.29
Bottoms,M,57.5,26.1
Accessories,,0.0,20.24
Bottoms,L,0.0,88.58
Bottoms,XXL,0.0,67.92
Accessories,,0.0,25.39
Dresses,S,39.4,70.23
Bottoms,XL,16.1,87.21
Shoes,L,20.5,75.3
Accessories,,0.0,23.28
Tops,S,0.0,90.73
Bottoms,XXL,0.0,25.74
Shoes,XL,0.0,162.97
Accessories,,8.7,45.95
Shoes,,0.0,60.38
Tops,XXL,0.0,103.65
Bottoms,L,0.0,75.14
Shoes,S,0.0,88.0
Dresses,XS,0.0,69.54
Outerwear,XS,0.0,209.52
Shoes,XXL,0.0,97.42
Dresses,XS,0.0,154.6
Bottoms,XL,38.0,50.59
Accessories,,0.0,48.04
Tops,S,0.0,70.77
Outerwear,S,0.0,103.49
Outerwear,L,0.0,138.89
Accessories,,32.2,49.84
Bottoms,M,0.0,82.37
Dresses,XS,18.0,67.0
Dresses,XXL,10.6,95.68
Bottoms,XL,18.7,83.93
Tops,L,17.6,82.8
Shoes,XL,53.7,74.48
Accessories,,0.0,78.39
Outerwear,S,23.1,129.48
Shoes,S,0.0,128.35
Dresses,XL,3.0,134.02
Dresses,M,0.0,52.45
Shoes,XS,0.0,171.53
Tops,XXL,1.2,80.26
Accessories,,44.1,17.54
Bottoms,S,0.0,93.89
Bottoms,XL,0.0,54.84
Dresses,L,0.0,140.34
Tops,M,16.8,43.16
Dresses,S,44.3,75.86
Accessories,,0.0,71.19
Outerwear,S,44.9,132.99
Outerwear,XXL,51.3,96.55
Bottoms,XXL,0.0,64.07
Bottoms,XL,10.4,98.69
Outerwear,XS,0.0,120.68
Accessories,,31.0,47.73
Dresses,L,0.0,134.77
Tops,S,0.0,29.93
Accessories,,0.0,56.09
Shoes,XS,33.1,83.5
Dresses,M,56.1,41.28
Shoes,XS,8.2,100.53
Accessories,,0.0,31.13
Accessories,,1.7,65.17
Bottoms,M,28.4,47.71
Bottoms,L,0.0,117.63
Shoes,M,0.0,174.53
Dresses,S,0.0,152.65
Outerwear,XL,0.0,83.24
Accessories,,0.0,40.18
Bottoms,XL,22.8,56.95
Accessories,,0.0,71.3
Accessories,,52.8,23.74
Accessories,,0.0,46.97
Shoes,,0.0,162.9
Bottoms,XL,0.0,57.14
Shoes,L,0.0,93.6
Accessories,,43.0,36.8
Outerwear,S,0.0,142.34
Shoes,XS,57.8,46.85
Tops,,49.0,14.87
Tops,XS,0.0,30.46
Accessories,,0.0,31.32
Bottoms,M,0.0,61.78
Outerwear,M,0.0,126.27
Outerwear,L,0.0,147.53
Accessories,,12.2,32.47
Shoes,M,0.0,172.41
Accessories,,16.0,45.18
Shoes,XS,0.0,80.56
Accessories,,0.0,51.72
Bottoms,XL,37.8,66.69
Shoes,XXL,50.1,87.32
Dresses,S,53.2,42.36
Shoes,XXL,16.6,79.17
Shoes,XS,0.0,179.82
Tops,,23.7,77.8
Bottoms,S,16.2,22.72
Outerwear,S,0.0,141.83
Shoes,,37.0,98.49
Tops,XS,0.0,81.84
Bottoms,L,19.9,29.19
Outerwear,S,0.0,155.3
Bottoms,XL,28.5,60.09
Shoes,XS,56.4,43.06
Accessories,,59.1,21.67
Bottoms,L,0.0,39.84
Accessories,,0.0,40.01
Outerwear,L,0.0,245.75
Bottoms,XL,0.0,102.25
Tops,M,0.0,76.33
Accessories,,39.0,31.59
Outerwear,XXL,12.9,123.02
Accessories,,0.0,66.18
Tops,M,0.0,35.15
Accessories,,41.2,20.94
Accessories,,0.0,35.64
Bottoms,L,0.0,86.68
Accessories,,0.0,17.72
Outerwear,XXL,13.3,76.25
Outerwear,XS,0.0,216.26
Outerwear,S,0.0,238.11
Shoes,XXL,0.0,112.77
Accessories,,44.8,21.54
Tops,XXL,0.0,69.77
Dresses,M,48.4,64.46
Dresses,,29.4,59.25
Outerwear,XS,0.0,180.91
Shoes,XXL,0.0,120.11
Outerwear,XL,0.0,225.01
Dresses,L,0.0,115.57
Accessories,,19.0,17.17
Bottoms,XXL,0.0,52.36
Accessories,,0.0,73.43
Accessories,,0.0,70.75
Accessories,,0.0,58.9
Outerwear,L,16.9,87.07
Accessories,,0.0,55.3
Bottoms,XS,34.0,37.39
Shoes,XS,0.0,199.14
Shoes,M,0.0,128.68
Outerwear,XL,51.9,72.33
Dresses,M,0.0,162.65
Bottoms,XXL,0.0,28.9
Accessories,,38.8,46.26
Tops,S,5.5,29.2
Outerwear,S,0.0,101.04
Dresses,S,0.0,54.81
Shoes,M,42.1,110.94
Tops,XXL,0.0,100.5
Shoes,XXL,23.6,70.56
Shoes,M,56.6,69.98
Dresses,XS,6.3,63.74
Shoes,XS,47.4,63.76
Tops,L,28.8,49.56
Outerwear,XS,18.7,180.89
Bottoms,XXL,54.5,11.64
Dresses,XL,6.6,50.87
Bottoms,S,0.0,43.32
Accessories,,0.0,75.09
Dresses,XS,0.0,167.46
Shoes,L,34.3,73.08
Bottoms,XXL,0.0,59.36
Shoes,S,0.0,199.46
Shoes,M,50.2,36.23
Bottoms,XS,27.6,62.64
Accessories,,40.2,31.51
Outerwear,L,0.0,104.18
Outerwear,L,58.2,55.33
Shoes,XL,0.0,64.4
Bottoms,XL,0.0,34.07
Bottoms,XXL,45.3,23.7
Outerwear,XL,0.0,122.92
Shoes,S,0.0,142.84
Shoes,XXL,0.0,131.55
Outerwear,S,0.0,192.58
Accessories,,0.0,33.56
Accessories,,0.0,59.1
Shoes,S,20.7,86.56
Bottoms,,0.0,59.1
Shoes,M,0.0,99.33
Dresses,XL,0.0,92.75
Tops,S,0.0,116.82
Outerwear,XL,9.5,117.45
Dresses,XS,3.0,131.62
Dresses,,28.3,34.52
Dresses,XS,47.7,74.77
Tops,L,0.0,51.72
Accessories,,38.3,11.29
Outerwear,L,29.0,152.64
Accessories,,0.0,20.77
Accessories,,0.0,77.96
Accessories,,34.6,47.96
Accessories,,25.9,55.74
Bottoms,XS,24.2,35.36
Dresses,XXL,0.0,108.19
Dresses,L,0.0,62.82
Tops,S,57.4,24.42
Outerwear,XXL,0.0,153.59
Shoes,XL,0.0,101.14
Bottoms,XXL,15.6,37.04
Outerwear,S,47.5,68.33
Dresses,L,0.0,153.12
Tops,XXL,12.1,32.63
Tops,XXL,0.0,41.05
Shoes,M,0.0,61.04
Tops,S,0.0,97.17
Accessories,,0.0,63.45
Tops,,0.0,117.39
Tops,S,0.0,32.89
Bottoms,L,38.6,63.0
Shoes,XXL,32.2,105.71
Outerwear,L,0.0,178.39
Outerwear,XL,0.0,151.1
Tops,XXL,55.4,40.6
Tops,M,41.3,52.26
Dresses,S,0.0,147.58
Dresses,XL,0.0,79.98
Dresses,XS,0.0,86.38
Tops,XXL,40.4,28.18
Outerwear,L,22.6,152.12
Tops,XXL,0.0,72.72
Tops,XXL,0.0,115.5
Accessories,,8.1,62.69
Tops,XXL,0.0,91.03
Outerwear,XXL,16.5,83.83
Tops,XS,0.0,100.03
Accessories,,29.2,35.5
Bottoms,XL,0.0,33.13
Accessories,,0.0,67.67
Bottoms,S,56.3,41.05
Tops,XS,11.2,30.69
Outerwear,M,0.0,235.33
Tops,XS,0.0,25.45
Tops,XL,0.0,71.44
Dresses,XL,0.0,98.33
Dresses,S,0.0,171.1
Dresses,XS,0.0,155.57
Outerwear,L,0.0,198.44
Shoes,M,18.1,144.02
Outerwear,M,0.0,100.23
Outerwear,XXL,0.0,88.94
Outerwear,XXL,0.0,205.91
Accessories,,1.1,28.74
Accessories,,0.0,68.56
Tops,L,59.5,37.1
Dresses,XS,0.0,96.57
Bottoms,S,57.9,15.0
Shoes,XS,38.1,73.65
Shoes,XL,10.1,56.3
Shoes,M,55.5,68.24
Tops,L,49.7,36.04
Dresses,S,55.9,47.44
Shoes,XL,0.0,137.16
Tops,M,0.0,119.29
Tops,M,0.0,104.09
Dresses,,0.0,73.07
Bottoms,XXL,7.6,71.09
Bottoms,XL,0.0,119.92
Outerwear,XS,0.0,116.49
Shoes,XL,14.7,153.19
Tops,L,3.3,40.2
Shoes,XL,47.0,73.72
Dresses,L,0.0,102.04
Bottoms,XXL,54.2,21.64
Dresses,XS,0.0,55.08
Outerwear,L,54.8,39.92
Bottoms,M,16.8,62.32
Bottoms,M,57.4,29.77
Shoes,S,0.0,142.83
Shoes,,0.0,140.17
Tops,M,33.8,70.24
Dresses,XS,0.0,53.23
Outerwear,XXL,0.0,92.25
Accessories,,0.0,39.17
Accessories,,0.0,72.83
Bottoms,S,28.7,21.2
Dresses,XL,0.0,144.1
Dresses,XL,10.8,97.43
Outerwear,XL,17.5,149.04
Outerwear,M,46.2,69.53
Shoes,XS,47.1,103.51
Accessories,,20.7,52.05
Bottoms,XS,0.0,113.18
Shoes,XL,0.0,173.69
Outerwear,S,0.0,156.54
Dresses,XL,39.0,63.31
Accessories,,0.0,79.6
Accessories,,18.9,27.72
Bottoms,XXL,0.0,58.44
Accessories,,0.0,30.62
Outerwear,XXL,0.0,213.94
Bottoms,XL,0.0,29.31
Tops,M,0.0,49.12
Bottoms,,0.0,113.23
Outerwear,XXL,0.0,103.65
Dresses,,49.4,36.35
Shoes,L,0.0,128.31
Shoes,L,0.0,118.97
Bottoms,S,16.5,26.7
Tops,XXL,26.8,84.83
Dresses,XL,0.0,140.06
Shoes,XS,0.0,154.82
Dresses,XL,20.2,91.14
Shoes,XL,0.0,114.84
Dresses,XL,6.8,122.39
Tops,S,32.1,62.07
Outerwear,XS,0.0,202.28
Bottoms,M,0.0,119.63
Shoes,L,0.0,167.89
Shoes,XL,0.0,100.39
Dresses,L,40.9,95.99
Shoes,XS,5.1,61.75
Bottoms,XXL,48.7,40.07
Outerwear,M,59.8,46.52
Accessories,,11.9,19.0
Dresses,S,50.3,37.7
Outerwear,L,0.0,170.91
Shoes,XL,22.4,72.99
Bottoms,S,0.0,84.44
Outerwear,XS,0.0,93.11
Tops,S,8.8,77.38
Shoes,M,0.0,138.41
Accessories,,21.6,15.83
Dresses,M,37.6,77.48
Outerwear,L,0.0,133.92
Accessories,,0.0,77.78
Dresses,XXL,35.9,101.08
Tops,L,0.0,99.57
Accessories,,33.3,29.09
Outerwear,M,0.0,88.87
Bottoms,M,19.8,90.31
Tops,XL,0.0,33.35
Bottoms,L,2.9,112.46
Tops,XL,3.1,104.45
Tops,S,0.0,53.87
Tops,XS,40.8,42.92
Shoes,S,0.0,152.32
Dresses,M,0.0,67.63
Outerwear,XS,0.0,221.94
Bottoms,XS,8.4,108.79
Tops,XS,0.0,100.17
Accessories,,0.0,18.45
Accessories,,13.5,39.41
Tops,S,0.0,62.21
Accessories,,0.0,37.02
Dresses,XL,39.0,31.63
Dresses,XS,0.0,76.24
Accessories,,0.0,74.17
Bottoms,L,0.0,75.99
Bottoms,XS,49.4,31.54
Bottoms,XXL,0.0,93.59
Tops,,35.7,46.83
Outerwear,XXL,33.6,89.37
Bottoms,,41.9,41.6
Shoes,XL,53.5,28.99
Outerwear,XS,43.7,45.35
Shoes,M,0.0,171.48
Tops,XL,15.7,25.97
Dresses,L,0.0,97.14
Shoes,S,0.0,128.27
Dresses,XL,0.0,174.86
Dresses,XL,0.0,100.03
Dresses,S,0.0,49.89
Shoes,XL,0.0,170.43
Outerwear,XS,0.0,186.78
Accessories,,0.0,63.98
Outerwear,XS,0.0,225.64
Tops,XS,13.9,99.26
Bottoms,XS,0.0,92.59
Accessories,,26.2,49.93
Outerwear,L,0.0,128.92
Accessories,,16.8,13.74
Shoes,,42.7,99.51
Tops,S,20.9,56.55
Outerwear,XXL,24.3,174.72
Shoes,XS,58.6,41.81
Outerwear,XXL,52.6,55.16
Shoes,L,8.3,137.81
Outerwear,XL,0.0,107.81
Dresses,L,0.0,61.24
Accessories,,0.0,34.04
Dresses,S,45.9,90.97
Tops,M,0.0,74.07
Tops,XXL,0.0,84.75
Shoes,M,9.6,169.47
Accessories,,14.1,39.35
Outerwear,XL,0.0,87.09
Outerwear,XS,56.8,100.44
Shoes,XS,0.0,184.87
Tops,XS,0.0,31.36
Accessories,,24.6,46.94
Accessories,,42.2,37.47
Accessories,,0.0,15.92
Outerwear,M,0.0,180.83
Shoes,L,0.0,73.81
Shoes,XXL,0.0,127.52
Bottoms,,0.0,52.08
Bottoms,XS,23.0,25.28
Tops,S,0.0,108.92
Shoes,,47.5,45.06
Accessories,,0.0,62.02
Shoes,XL,5.4,120.44
Tops,,0.0,35.74
Accessories,,27.9,50.2
Tops,XXL,28.8,65.51
Shoes,M,0.0,110.1
Bottoms,XXL,0.0,109.05
Accessories,,0.0,67.46
Shoes,M,10.2,98.88
Shoes,XL,0.0,162.5
Accessories,,8.3,21.82
Bottoms,XS,0.0,115.89
Outerwear,M,42.5,80.04
Dresses,S,36.7,76.23
Accessories,,0.0,72.81
Accessories,,0.0,29.75
Tops,XL,0.0,33.63
Outerwear,S,0.0,101.93
Accessories,,0.0,41.43
Outerwear,L,0.0,126.14
Bottoms,M,0.0,96.76
Tops,XS,0.0,114.32
Shoes,S,0.0,102.46
Bottoms,L,15.0,81.34
Bottoms,M,0.0,55.49
Accessories,,9.8,27.58
Bottoms,S,0.0,116.58
Dresses,XL,21.1,62.47
Dresses,,0.0,88.71
Dresses,XXL,0.0,150.58
Dresses,XXL,9.3,163.17
Outerwear,XL,0.0,135.3
Shoes,XXL,0.0,146.43
Outerwear,M,0.0,160.27
Shoes,M,8.8,154.92
Shoes,,0.0,137.33
Bottoms,XXL,0.0,38.18
Tops,XXL,20.1,32.46
Bottoms,XS,23.3,43.26
Accessories,,0.0,19.56
Shoes,L,0.0,155.66
Tops,S,0.0,106.2
Outerwear,XXL,0.0,158.31
Dresses,XL,42.2,59.13
Accessories,,58.0,22.45
Dresses,XS,22.9,78.47
Outerwear,M,0.0,112.28
Accessories,,0.0,47.51
Tops,XXL,0.0,80.39
Bottoms,L,26.4,47.66
Outerwear,L,0.0,129.86
Bottoms,L,0.0,32.74
Bottoms,L,0.0,79.27
Tops,S,0.0,119.38
Dresses,S,0.0,66.17
Accessories,,8.0,62.84
Outerwear,L,0.0,209.66
Bottoms,S,0.0,37.53
Shoes,XS,0.0,140.28
Shoes,XS,0.0,171.07
Tops,M,0.0,77.87
Tops,XL,0.0,80.54
Bottoms,S,41.7,28.38
Shoes,XS,0.0,137.83
Bottoms,XXL,44.8,53.48
Tops,XL,36.8,29.35
Bottoms,L,0.0,86.4
Bottoms,XXL,51.6,55.09
Bottoms,XS,42.9,36.93
Shoes,,0.0,123.23
Accessories,,0.0,69.69
Accessories,,24.4,34.89
Outerwear,XS,0.0,229.8
Outerwear,XS,19.6,144.27
Shoes,L,56.3,35.38
Bottoms,L,19.2,50.34
Accessories,,12.5,51.48
Tops,XXL,1.7,117.02
Outerwear,S,0.0,80.54
Bottoms,XS,25.7,35.16
Shoes,XL,27.4,75.92
Accessories,,23.3,29.43
Outerwear,,0.0,86.3
Accessories,,4.2,62.16
Accessories,,0.0,53.64
Dresses,XXL,9.2,103.34
Tops,XXL,27.7,29.01
Tops,M,30.9,34.3
Bottoms,L,54.2,53.88
Accessories,,3.7,67.2
Accessories,,18.4,24.41
Shoes,XL,43.3,106.09
Accessories,,15.8,33.71
Dresses,XS,23.4,86.9
Bottoms,S,0.0,119.84
Shoes,XXL,0.0,167.27
Dresses,XL,1.1,146.37
Bottoms,XXL,49.8,32.8
Shoes,M,5.4,80.0
Bottoms,XS,0.0,52.6
Shoes,L,0.0,106.37
Tops,XXL,40.4,57.67
Outerwear,L,0.0,99.02
Accessories,,36.9,43.47
Dresses,S,3.5,61.67
Shoes,S,11.4,103.11
Bottoms,XS,0.0,71.74
Bottoms,M,0.0,91.11
Accessories,,0.0,46.07
Dresses,S,0.0,156.27
Tops,XS,0.0,56.35
Bottoms,XS,23.1,90.9
Tops,XS,0.0,25.86
Tops,S,23.7,69.94
Bottoms,L,7.9,23.29
Accessories,,32.2,34.99
Outerwear,XL,24.6,108.28
Bottoms,L,0.0,45.48
Shoes,,10.7,158.77
Outerwear,XS,34.2,95.48
Shoes,XXL,0.0,190.78
Accessories,,0.0,44.73
Shoes,XXL,0.0,65.48
Shoes,XS,0.0,86.1
Bottoms,XS,0.0,100.14
Outerwear,,0.0,203.4
Tops,XS,24.4,71.99
Dresses,XL,31.6,118.93
Dresses,L,0.0,160.05
Tops,XS,0.0,59.53
Dresses,XS,0.0,155.32
Bottoms,XL,41.0,17.49
Outerwear,XXL,23.2,182.42
Outerwear,M,0.0,81.67
Bottoms,M,0.0,37.07
Tops,XXL,0.0,80.97
Accessories,,29.9,54.45
Tops,XXL,1.0,116.4
Outerwear,XL,28.3,93.27
Tops,XS,0.0,63.69
Outerwear,XL,0.0,135.02
Accessories,,0.0,45.37
Bottoms,XL,8.0,47.08
Dresses,XXL,5.5,46.63
Shoes,S,0.0,119.78
Tops,S,35.1,50.17
Tops,XS,0.0,72.69
Shoes,XL,0.0,117.57
Outerwear,S,48.4,83.2
Shoes,S,0.0,158.01
Tops,L,0.0,60.92
Shoes,XL,25.2,91.28
Shoes,S,0.0,109.15
Bottoms,M,0.0,60.97
Accessories,,35.3,41.97
Shoes,S,0.0,151.35
Accessories,,44.0,40.82
Accessories,,0.0,79.48
Shoes,M,59.8,49.35
Bottoms,XL,0.0,79.61
Bottoms,L,0.0,60.13
Accessories,,41.0,42.63
Bottoms,XL,17.0,55.1
Outerwear,XS,0.0,100.27
Dresses,S,52.8,54.79
Outerwear,S,0.9,79.98
Dresses,M,0.0,175.11
Dresses,XS,37.0,77.08
Shoes,S,0.0,127.99
Bottoms,S,4.6,96.42
Bottoms,L,44.1,23.38
Shoes,M,0.0,147.52
Tops,S,0.0,85.94
Dresses,XXL,0.0,115.61
Outerwear,XS,0.0,90.58
Tops,S,0.0,64.84
Bottoms,XS,0.0,37.27
Tops,XL,55.2,40.54
Shoes,S,58.4,66.4
Shoes,L,58.8,33.56
Shoes,XS,0.0,93.63
Tops,M,0.0,95.55
Outerwear,M,0.0,146.45
Shoes,M,0.0,96.9
Tops,XXL,0.0,71.83
Tops,L,0.0,29.17
Tops,S,43.6,17.65
Accessories,,0.0,73.57
Shoes,,0.0,75.95
Accessories,,0.0,79.04
Tops,L,0.0,26.85
Dresses,L,29.2,89.36
Shoes,S,0.0,71.46
Dresses,M,14.8,55.44
Bottoms,XL,20.9,22.24
Tops,L,0.0,29.12
Accessories,,0.0,57.1
Outerwear,M,0.0,248.05
Bottoms,S,40.6,64.5
Outerwear,XL,0.0,124.13
Accessories,,1.8,61.09
Bottoms,M,0.0,48.27
Tops,XL,0.0,88.77
Dresses,M,0.0,94.17
Accessories,,0.0,30.44
Bottoms,XS,0.0,114.29
Shoes,XL,25.8,77.92
Tops,XL,0.0,38.56
Shoes,L,0.0,64.94
Bottoms,S,56.8,27.54
Tops,XL,11.1,59.77
Accessories,,40.4,16.21
Tops,XL,0.0,75.84
Dresses,M,0.0,68.51
Accessories,,0.0,25.49
Tops,XS,0.0,70.88
Shoes,XS,8.8,161.1
Dresses,L,0.0,50.76
Shoes,XL,0.0,155.85
Dresses,XL,0.0,48.04
Tops,XS,0.0,44.79
Tops,XS,0.0,76.95
Accessories,,49.9,18.0
Bottoms,XL,0.0,49.97
Outerwear,,0.0,169.69
Outerwear,,14.2,179.58
Tops,XXL,0.0,110.81
Accessories,,0.0,61.84
Outerwear,S,14.9,161.72
Bottoms,XS,0.0,74.27
Outerwear,XL,30.5,113.82
Accessories,,0.0,42.28
Bottoms,XS,0.0,52.92
Accessories,,6.2,38.04
Shoes,XXL,0.0,129.76
Tops,XL,0.0,63.39
Shoes,S,1.3,189.44
Accessories,,0.0,63.42
Tops,XXL,0.0,35.26
Accessories,,0.0,44.5
Shoes,XS,43.4,105.72
Tops,L,55.4,52.05
Accessories,,0.0,24.5
Accessories,,0.0,23.2
Bottoms,XL,0.0,73.8
Accessories,,0.0,51.33
Bottoms,XXL,0.0,80.21
Outerwear,L,0.0,237.65
Bottoms,S,0.0,96.35
Bottoms,XL,0.0,91.92
Shoes,XXL,0.0,194.05
Outerwear,S,0.0,166.88
Bottoms,S,0.0,47.01
Shoes,XXL,20.3,95.57
Accessories,,54.2,33.77
Bottoms,L,0.0,108.65
Shoes,L,0.0,186.53
Accessories,,0.0,60.34
Accessories,,0.0,61.16
Shoes,XL,35.3,109.25
Tops,L,0.0,60.08
Accessories,,29.8,27.65
Tops,M,0.0,111.09
Dresses,M,0.0,133.51
Dresses,XS,43.5,89.78
Tops,XS,19.0,52.87
Accessories,,0.0,72.37
Dresses,XL,21.5,105.1
Tops,XXL,0.0,74.3
Shoes,XL,47.5,101.19
Accessories,,2.5,77.04
Shoes,S,0.0,158.29
Tops,L,0.0,69.33
Shoes,XS,19.5,69.95
Outerwear,L,0.0,162.75
Shoes,M,0.0,70.28
Bottoms,S,0.0,111.91
Outerwear,S,0.0,143.76
Dresses,S,0.0,169.89
Shoes,XL,0.0,72.29
Outerwear,XS,10.2,122.31
Tops,S,0.0,92.5
Shoes,L,0.0,89.5
Outerwear,L,0.0,161.51
Accessories,,0.0,38.12
Dresses,XS,0.0,100.08
Dresses,L,0.0,161.79
Bottoms,XL,0.0,46.42
Shoes,L,44.3,111.03
Bottoms,XXL,0.0,25.77
Shoes,M,0.0,180.67
Shoes,L,46.1,106.79
Dresses,,5.3,152.97
Bottoms,M,0.0,25.97
Tops,L,39.9,51.09
Accessories,,10.9,66.85
Accessories,,0.0,33.88
Shoes,XS,12.3,124.53
Dresses,XL,0.0,125.46
Shoes,L,0.0,138.79
Bottoms,XL,37.9,50.8
Accessories,,47.3,41.24
Bottoms,XL,16.0,100.24
Accessories,,0.0,52.97
Accessories,,0.0,69.48
Outerwear,L,0.0,177.82
Shoes,L,0.0,142.71
Bottoms,XS,0.0,105.21
Accessories,,49.8,32.68
Outerwear,M,0.0,167.39
Accessories,,0.0,49.89
Outerwear,S,0.0,218.06
Bottoms,XS,21.8,52.11
Outerwear,S,40.9,73.69
Tops,S,48.2,14.63
Accessories,,53.9,35.22
Bottoms,M,0.0,96.82
Shoes,XS,28.2,114.34
Dresses,XXL,52.3,82.01
Tops,XS,0.0,85.25
Tops,XXL,0.0,70.48
Outerwear,S,0.0,203.02
Dresses,XXL,11.2,102.47
Accessories,,49.8,14.01
Accessories,,0.0,79.69
Bottoms,S,0.0,47.22
Shoes,,14.9,146.6
Accessories,,0.0,27.9
Dresses,S,0.0,139.26
Accessories,,0.0,30.47
Outerwear,M,39.8,85.2
Dresses,XL,24.4,35.87
Bottoms,XS,6.3,48.15
Tops,,0.0,74.13
Dresses,XL,5.0,148.33
Outerwear,XS,0.0,105.3
Dresses,S,0.0,126.76
Tops,L,0.0,35.41
Outerwear,M,0.0,80.04
Bottoms,,0.0,68.16
Dresses,XL,0.0,60.87
Tops,L,0.0,59.8
Accessories,,0.0,75.83
Tops,L,0.0,55.97
Shoes,XL,45.2,104.4
Bottoms,M,10.3,80.0
Shoes,,8.9,72.51
Bottoms,XXL,0.0,84.8
Bottoms,M,0.0,69.21
Outerwear,XS,0.0,229.17
Dresses,L,0.0,103.9
Outerwear,XS,0.0,228.46
Accessories,,29.2,31.4
Bottoms,,54.7,13.03
Outerwear,XXL,36.6,100.39
Accessories,,12.0,34.36
Tops,S,12.2,46.06
Bottoms,S,34.4,46.12
Outerwear,S,0.0,123.27
Outerwear,L,16.5,180.21
Outerwear,XS,0.7,82.33
Tops,XL,0.0,33.46
Bottoms,L,53.9,17.15
Bottoms,,48.9,39.28
Outerwear,S,0.0,208.57
Dresses,XL,15.8,110.89
Bottoms,XXL,0.0,117.21
Accessories,,48.8,11.78
Accessories,,0.0,47.6
Bottoms,L,38.4,20.46
Accessories,,6.8,61.48
Tops,L,29.0,33.55
Tops,XS,0.0,93.74
Bottoms,XXL,0.0,31.57
Bottoms,XXL,0.0,64.21
Accessories,,8.1,51.58
Tops,XXL,0.0,70.89
Shoes,M,0.0,149.65
Shoes,S,0.0,83.17
Outerwear,XL,0.0,121.56
Bottoms,M,0.0,48.62
Dresses,M,0.0,79.04
Outerwear,XS,0.0,198.58
Outerwear,M,0.0,109.82
Accessories,,49.5,17.38
Shoes,,0.0,112.1
Bottoms,XS,0.0,25.07
Dresses,XL,0.0,170.38
Dresses,XXL,0.0,77.32
Shoes,XS,0.0,111.88
Accessories,,0.0,24.71
Tops,XL,0.0,61.42
Accessories,,7.3,56.06
Accessories,,5.2,33.12
Bottoms,XL,0.0,30.51
Dresses,XXL,40.3,39.13
Shoes,S,43.2,64.96
Dresses,S,0.0,145.8
Shoes,S,44.1,67.88
Shoes,XXL,0.0,94.49
Outerwear,M,0.0,218.64
Outerwear,S,11.9,70.84
Shoes,XL,0.0,183.3
Outerwear,XS,0.0,241.81
Outerwear,XS,28.8,154.12
Dresses,S,53.6,29.26
Accessories,,0.0,44.7
Tops,XXL,40.3,16.85
Shoes,XXL,27.3,95.92
Outerwear,M,30.9,115.29
Tops,S,30.9,27.35
Outerwear,M,58.0,37.61
Outerwear,M,0.0,138.55
Accessories,,0.0,43.84
Tops,XL,17.8,52.38
Accessories,,0.0,74.61
Shoes,S,10.9,132.08
Tops,XL,0.0,93.46
Outerwear,XXL,44.1,137.13
Tops,XXL,45.9,23.47
Accessories,,45.5,21.82
Outerwear,M,3.6,202.13
Accessories,,0.0,38.08
Outerwear,XXL,0.0,123.04
Accessories,,0.0,39.94
Dresses,M,0.0,80.19
Tops,XXL,10.1,31.49
Tops,M,29.0,19.62
Outerwear,M,0.0,187.63
Outerwear,XXL,34.6,126.33
Shoes,M,40.2,94.35
Shoes,L,7.8,109.85
Dresses,M,4.8,142.88
Dresses,L,0.0,153.18
Tops,S,47.7,62.07
Accessories,,0.0,50.12
Dresses,XS,59.5,37.94
Tops,S,0.0,50.49
Shoes,XS,0.0,97.9
Tops,S,0.0,69.0
Accessories,,27.1,22.02
Tops,L,59.1,34.73
Tops,XS,0.0,116.48
Tops,XL,0.0,40.68
Outerwear,XL,0.0,118.92
Bottoms,XXL,0.0,26.86
Dresses,S,0.0,113.34
Tops,L,8.9,36.91
Bottoms,L,0.0,98.41
Bottoms,XS,0.0,83.18
Shoes,XXL,24.1,136.1
Tops,XXL,0.0,47.88
Outerwear,XL,0.0,89.26
Dresses,XXL,0.0,114.2
Shoes,L,59.7,68.31
Tops,XS,0.0,77.99
Bottoms,,0.0,103.77
Accessories,,0.0,42.96
Dresses,,0.0,126.11
Accessories,,0.0,43.83
Shoes,S,0.0,94.1
Shoes,M,0.0,151.27
Accessories,,0.0,61.47
Shoes,M,0.0,185.96
Dresses,M,0.0,113.05
Tops,L,34.7,72.42
Tops,XXL,0.0,29.04
Shoes,XL,51.5,79.77
Bottoms,L,49.4,26.57
Dresses,XXL,42.9,100.35
Tops,XS,27.5,41.37
Dresses,L,0.0,158.24
Outerwear,,0.0,153.46
Accessories,,0.0,54.92
Accessories,,19.2,26.02
Accessories,,29.1,47.14
Accessories,,50.2,16.41
Accessories,,19.2,43.88
Accessories,,0.0,19.68
Tops,XS,24.3,79.63
Accessories,,19.6,16.32
Bottoms,S,19.6,84.72
Dresses,XS,0.0,156.24
Shoes,XS,5.7,152.95
Tops,M,7.1,70.41
Accessories,,0.0,32.04
Tops,M,31.8,18.86
Bottoms,M,0.0,31.54
Bottoms,XXL,39.1,47.28
Dresses,XL,0.0,51.48
Outerwear,M,0.0,108.58
Tops,XXL,0.0,84.17
Bottoms,L,0.0,76.45
Accessories,,0.0,50.31
Tops,S,0.0,43.45
Dresses,XL,53.9,68.79
Bottoms,XS,31.7,32.95
Bottoms,S,21.7,51.89
Shoes,XXL,0.0,82.65
Bottoms,XXL,0.0,42.36
Bottoms,M,0.0,109.36
Accessories,,0.0,59.98
Dresses,,0.0,111.81
Bottoms,XXL,0.0,70.78
Accessories,,58.5,31.59
Bottoms,XS,41.5,41.59
Bottoms,,55.9,23.66
Shoes,,59.7,44.41
Shoes,XXL,17.4,66.6
Dresses,XL,24.8,76.02
Accessories,,0.0,75.48
Shoes,S,6.4,149.71
Dresses,L,0.0,61.9
Tops,XL,12.3,55.65
Tops,S,46.7,23.04
Shoes,S,26.8,47.32
Shoes,XXL,56.0,52.21
Dresses,XS,0.0,169.32
Shoes,XS,0.0,115.77
Shoes,XS,0.0,139.91
Bottoms,XXL,0.0,101.73
Tops,,0.0,105.85
Tops,XL,0.0,105.37
Tops,S,0.0,44.42
Shoes,XS,14.3,141.29
Shoes,XXL,5.9,154.21
Bottoms,XS,5.3,34.6
Dresses,M,0.0,99.97
Outerwear,XL,0.0,194.78
Outerwear,XS,0.0,208.93
Bottoms,XS,50.0,34.23
Accessories,,50.0,15.13
Outerwear,XS,30.9,128.98
Tops,S,48.1,40.51
Tops,M,0.0,104.75
Shoes,M,0.0,121.33
Dresses,XXL,0.0,78.09
Tops,XXL,0.0,109.19
Shoes,L,0.0,126.74
Shoes,XL,0.0,95.85
Outerwear,S,0.0,213.98
Shoes,XXL,40.0,87.74
Bottoms,L,16.1,96.96
Accessories,,0.0,66.62
Dresses,XS,23.1,46.42
Shoes,M,57.1,35.69
Outerwear,S,3.6,197.11
Accessories,,0.0,52.73
Bottoms,XXL,0.0,61.1
Outerwear,S,0.0,227.92
Dresses,L,0.0,111.55
Bottoms,XS,29.6,20.48
Dresses,M,0.0,179.71
Accessories,,39.4,31.97
Accessories,,0.0,67.9
Accessories,,40.8,27.69
Tops,XL,0.0,91.6
Outerwear,XS,4.2,220.71
Outerwear,M,0.0,118.37
Shoes,M,32.7,54.69
Accessories,,18.0,46.91
Dresses,XL,0.0,74.53
Dresses,M,0.0,69.54
Dresses,XL,55.9,45.3
Shoes,L,0.0,117.82
Accessories,,0.0,61.01
Outerwear,XL,0.0,222.01
Outerwear,L,0.0,123.55
Accessories,,0.0,24.65
Outerwear,XXL,0.0,168.8
Tops,S,40.1,23.46
Bottoms,,0.0,74.76
Accessories,,0.0,37.0
Accessories,,0.0,67.38
Bottoms,XS,1.4,76.36
Outerwear,XS,0.0,215.06
Outerwear,XS,0.0,141.44
Dresses,XXL,0.0,151.83
Outerwear,XL,0.0,140.07
Dresses,XXL,28.9,67.02
Accessories,,27.3,40.56
Accessories,,0.0,58.99
Bottoms,XXL,0.0,61.96
Bottoms,L,0.0,104.25
Outerwear,L,0.0,102.68
Dresses,XXL,32.6,88.33
Outerwear,XS,54.3,63.86
Accessories,,0.0,17.59
Shoes,L,0.0,115.09
Accessories,,0.0,73.75
Accessories,,0.0,66.77
Tops,L,0.0,63.92
Accessories,,0.0,26.26
Accessories,,8.8,57.07
Shoes,S,0.0,143.88
Outerwear,XL,1.2,223.53
Shoes,XXL,0.0,164.75
Bottoms,L,0.0,56.14
Accessories,,0.0,39.96
Bottoms,L,57.9,11.16
Shoes,XXL,55.0,53.34
Dresses,XL,0.0,58.08
Shoes,S,15.0,118.02
Bottoms,XS,0.0,73.33
Outerwear,S,0.0,167.73
Tops,XXL,0.0,79.47
Dresses,XL,49.4,34.97
Bottoms,S,6.7,52.42
Tops,XS,48.3,26.51
Outerwear,,16.8,92.96
Bottoms,XXL,19.9,39.31
Shoes,M,27.1,133.02
Outerwear,XS,5.9,226.99
Dresses,XXL,0.0,78.3
Shoes,M,0.0,73.93
Bottoms,XXL,0.0,97.5
Tops,XS,0.0,38.9
Shoes,S,0.0,95.52
Outerwear,M,50.2,79.0
Tops,XL,0.0,26.11
Shoes,,43.1,60.93
Accessories,,38.0,44.28
Shoes,XL,0.0,124.56
Bottoms,L,0.0,30.91
Tops,XS,0.0,53.37
Shoes,XL,0.0,159.16
Dresses,S,0.0,169.64
Accessories,,0.0,59.94
Dresses,XL,0.0,92.59
Bottoms,S,0.0,64.07
Dresses,XS,54.6,58.05
Bottoms,M,12.9,28.27
Bottoms,XXL,43.0,22.98
Accessories,,6.1,48.17
Bottoms,XS,0.0,28.62
Accessories,,6.4,55.25
Tops,S,7.4,92.28
Dresses,,0.0,128.55
Bottoms,L,56.3,34.13
Bottoms,XXL,0.0,108.89
Bottoms,,14.7,30.03
Dresses,XXL,34.0,85.25
Dresses,S,0.0,142.43
Accessories,,0.0,45.19
Bottoms,S,0.0,47.66
Bottoms,XS,40.0,69.03
Bottoms,XL,0.0,87.84
Dresses,S,35.0,47.72
Shoes,L,21.6,142.36
Tops,L,0.0,71.68
Tops,XXL,0.0,25.63
Tops,,48.5,16.14
Dresses,L,33.8,65.48
Accessories,,7.8,39.95
Shoes,M,0.0,70.71
Outerwear,S,38.1,133.7
Dresses,XL,5.1,138.15
Shoes,XS,0.0,195.03
Bottoms,XS,9.7,67.62
Tops,L,0.0,50.3
Outerwear,XXL,0.0,130.65
Dresses,XXL,40.3,56.45
Outerwear,S,10.2,124.8
Accessories,,0.0,52.57
Outerwear,,0.0,151.62
Accessories,,0.0,26.7
Outerwear,S,0.0,147.5
Tops,S,2.7,64.22
Outerwear,XS,0.0,183.6
Shoes,L,0.0,195.83
Bottoms,S,58.1,31.65
Tops,XL,0.0,30.78
Shoes,L,0.0,150.96
Bottoms,L,18.1,48.3
Outerwear,L,18.9,182.4
Outerwear,XL,0.0,155.75
Shoes,XL,16.2,162.91
Shoes,L,0.0,169.77
Accessories,,27.3,30.19
Bottoms,S,0.0,29.5
Outerwear,S,2.7,218.41
Bottoms,S,7.8,93.54
Shoes,XXL,0.0,84.65
Outerwear,S,0.0,155.85
Tops,XL,0.0,89.62
Tops,L,37.7,39.12
Bottoms,XL,24.2,64.22
Tops,XL,0.0,50.9
Accessories,,0.0,31.23
Tops,XXL,0.0,105.1
Dresses,XS,0.0,160.38
Bottoms,XS,26.0,71.54
Accessories,,0.0,16.64
Outerwear,S,53.7,74.1
Accessories,,0.0,23.56
Shoes,XS,24.2,51.82
Outerwear,S,0.0,184.24
Shoes,XS,0.0,94.83
Tops,M,0.0,115.58
Outerwear,XXL,58.7,48.03
Accessories,,0.0,24.55
Dresses,,0.0,81.56
Outerwear,M,0.0,234.63
Accessories,,0.0,27.6
Tops,XS,24.3,86.87
Shoes,S,0.0,133.52
Tops,XS,59.3,26.19
Bottoms,L,0.0,117.81
Accessories,,0.0,29.19
Tops,M,0.0,34.72
Dresses,XL,0.0,107.49
Bottoms,XXL,0.0,38.7
Outerwear,XS,0.0,152.64
Outerwear,XS,56.4,79.2
Tops,XL,17.4,94.82
Shoes,XXL,0.0,102.95
Tops,XXL,0.0,86.82
Outerwear,L,28.1,60.17
Outerwear,S,50.7,82.48
Bottoms,XS,5.1,108.79
Outerwear,XXL,29.3,77.44
Accessories,,57.9,21.48
Shoes,M,52.8,36.56
Shoes,XS,45.4,78.01
Outerwear,XS,0.0,138.87
Shoes,S,0.0,132.82
Shoes,L,0.0,110.54
Bottoms,XL,0.0,29.07
Outerwear,S,0.0,141.92
Shoes,XL,0.0,67.84
Shoes,S,0.0,143.27
Accessories,,0.0,20.97
Dresses,XL,59.8,42.41
Shoes,XXL,0.0,184.7
Shoes,XS,32.0,55.4
Outerwear,L,20.3,85.81
Tops,XL,0.0,88.64
Accessories,,14.4,14.98
Outerwear,XL,0.0,205.37
Dresses,XS,0.0,111.66
Shoes,S,56.4,80.6
Bottoms,L,0.0,84.58
Bottoms,XXL,0.0,66.74
Shoes,M,0.0,104.19
Outerwear,M,0.0,216.73
Dresses,XXL,0.0,87.82
Shoes,L,0.0,81.59
Outerwear,,32.8,62.59
Bottoms,XS,0.0,96.73
Accessories,,0.0,19.34
Shoes,S,31.1,78.46
Dresses,XL,0.0,90.32
Tops,L,0.0,38.12
Shoes,S,0.0,175.31
Dresses,L,0.0,171.92
Accessories,,0.0,35.6
Bottoms,M,0.0,81.7
Bottoms,,0.0,29.7
Outerwear,S,0.0,239.65
Tops,M,0.0,90.41
Dresses,XL,10.0,73.6
Outerwear,L,0.0,142.55
Dresses,S,0.0,53.13
Bottoms,L,0.0,80.81
Tops,M,0.0,89.39
Bottoms,S,37.9,23.54
Accessories,,0.0,44.49
Tops,L,0.0,111.7
Tops,L,0.0,109.76
Accessories,,0.0,33.0
Shoes,M,8.9,137.24
Bottoms,S,19.0,53.74
Bottoms,M,17.4,23.04
Accessories,,0.0,60.18
Tops,XL,18.4,44.28
Shoes,S,0.0,78.44
Outerwear,XS,0.0,183.05
Shoes,M,0.0,76.3
Tops,XS,0.0,84.21
Accessories,,0.0,77.34
Dresses,S,45.4,67.06
Dresses,XXL,0.0,103.85
Bottoms,XXL,41.3,69.11
Dresses,XL,0.0,115.98
Dresses,L,0.0,175.43
Outerwear,S,0.0,162.81
Dresses,L,0.0,146.68
Dresses,L,42.2,47.92
Tops,XS,0.0,92.9
Dresses,XXL,5.7,126.26
Dresses,XXL,0.0,89.1
Outerwear,XL,3.2,170.0
Dresses,L,0.0,154.02
Outerwear,S,0.0,215.1
Tops,M,0.0,40.28
Accessories,,18.8,21.07
Accessories,,50.7,10.48
Dresses,XS,0.0,146.07
Dresses,S,0.0,135.97
Shoes,L,7.4,78.6
Shoes,XS,5.5,150.49
Bottoms,M,0.0,84.29
Accessories,,0.0,38.86
Tops,M,0.0,38.72
Dresses,XS,0.0,177.1
Bottoms,XS,0.0,31.49
Tops,,0.0,118.14
Tops,S,24.0,20.15
Tops,L,0.0,29.61
Outerwear,S,0.0,244.13
Accessories,,0.0,16.54
Tops,S,0.0,100.98
Outerwear,,0.0,175.42
Dresses,XXL,20.3,106.12
Dresses,,44.7,52.1
Tops,M,0.0,115.44
Outerwear,S,26.5,142.88
Shoes,L,27.6,95.85
Accessories,,14.6,44.87
Dresses,XL,41.2,97.03
Accessories,,34.3,28.21
Tops,XL,0.0,72.78
Shoes,S,0.0,189.32
Dresses,XL,55.7,69.55
Tops,S,26.4,21.15
Outerwear,L,0.0,144.64
Shoes,L,0.0,180.99
Tops,M,56.1,32.91
Dresses,XXL,0.0,63.46
Shoes,S,31.6,72.47
Dresses,S,24.5,65.35
Bottoms,M,10.8,81.15
Dresses,L,48.2,63.41
Shoes,XXL,0.0,198.22
Shoes,M,20.8,102.61
Accessories,,0.0,49.31
Outerwear,S,0.0,206.94
Accessories,,0.0,36.93
Accessories,,12.0,19.23
Shoes,S,43.8,98.15
Accessories,,0.0,19.96
Tops,M,54.1,41.52
Shoes,L,0.0,189.24
Outerwear,XXL,44.6,128.11
Accessories,,0.0,66.48
Accessories,,0.0,37.27
Shoes,L,0.0,178.05
Tops,XS,0.0,73.76
Bottoms,XL,0.0,36.23
Bottoms,S,0.0,48.89
Tops,XL,31.0,64.96
Accessories,,0.0,27.7
Shoes,XXL,11.2,108.82
Dresses,XL,17.0,144.23
Accessories,,0.0,77.45
Bottoms,M,0.0,34.16
Tops,M,0.0,63.67
Outerwear,S,0.0,249.98
Outerwear,XL,0.0,103.92
Shoes,XL,0.0,116.76
Shoes,XXL,0.0,102.61
Accessories,,0.0,43.48
Accessories,,0.0,39.9
Bottoms,S,36.7,54.44
Shoes,XXL,58.5,64.11
Dresses,S,35.3,91.85
Outerwear,XS,0.0,119.36
Accessories,,47.6,8.23
Shoes,M,0.0,89.12
Bottoms,S,0.0,30.43
Dresses,XS,0.0,115.4
Outerwear,S,0.0,155.2
Bottoms,L,0.0,104.83
Accessories,,0.0,41.62
Bottoms,M,0.0,94.92
Bottoms,XXL,22.2,83.96
Accessories,,0.0,45.52
Bottoms,M,30.7,77.69
Shoes,L,0.0,103.9
Outerwear,L,0.0,168.02
Shoes,M,0.0,80.41
Bottoms,XL,0.0,102.76
Tops,XXL,0.0,81.2
Accessories,,0.0,68.95
Bottoms,XS,0.0,43.04
Tops,XS,0.0,81.82
Accessories,,0.0,53.7
Tops,L,0.0,100.11
Accessories,,38.5,14.81
Accessories,,0.0,74.77
Dresses,XL,0.0,105.98
Shoes,L,7.7,75.36
Shoes,S,8.3,84.97
Accessories,,0.0,41.04
Outerwear,M,5.8,160.12
Accessories,,51.0,32.4
Dresses,S,14.5,119.59
Accessories,,49.9,35.19
Shoes,XL,39.9,78.07
Bottoms,L,0.0,75.78
Bottoms,M,0.0,93.41
Tops,L,0.0,66.9
Tops,L,6.6,103.16
Bottoms,L,0.0,52.73
Outerwear,L,0.0,89.13
Outerwear,L,44.1,96.03
Shoes,M,0.0,129.0
Shoes,XS,0.0,160.59
Tops,L,0.0,56.38
Outerwear,L,26.6,80.15
Accessories,,0.0,21.43
Shoes,M,0.0,87.11
Accessories,,0.0,36.29
Dresses,M,0.0,105.59
Dresses,S,0.0,93.5
Accessories,,9.5,37.76
Accessories,,58.1,31.23
Dresses,,0.0,85.49
Dresses,M,0.0,131.05
Bottoms,XL,0.0,63.5
Tops,M,0.0,75.54
Tops,XXL,0.0,110.77
Shoes,M,6.3,178.7
Tops,L,17.3,83.16
Outerwear,XXL,8.6,202.53
Bottoms,L,0.0,55.21
Accessories,,0.0,17.87
Bottoms,XS,0.0,56.57
Accessories,,0.0,47.74
Dresses,M,8.9,139.27
Outerwear,M,37.7,124.36
Accessories,,0.0,57.25
Dresses,XL,55.3,60.08
Bottoms,S,43.5,62.96
Accessories,,36.8,9.71
Tops,XL,51.8,48.21
Shoes,S,19.2,140.39
Bottoms,XL,15.2,32.21
Dresses,M,0.0,154.11
Accessories,,46.9,37.06
Dresses,XXL,0.0,171.16
Outerwear,XXL,0.0,118.57
Dresses,XXL,0.0,118.46
Shoes,L,0.0,122.7
Accessories,,0.0,68.2
Shoes,XL,0.0,178.56
Accessories,,31.4,20.9
Accessories,,0.0,76.08
Shoes,M,16.5,96.99
Shoes,XS,0.0,98.22
Shoes,,0.0,66.58
Accessories,,0.0,69.22
Tops,XL,0.0,85.01
Tops,XL,0.0,31.41
Dresses,L,0.0,50.58
Accessories,,54.8,35.88
Bottoms,XL,0.0,105.52
Shoes,XXL,0.0,154.02
